Workbook

Sheet PROFESSORES
A1: Cadastre cada professor com ID único. Em 'Classes/Alunos que pode atender', separe itens por ';'.
A2: Professor ID | B2: Professor Nome | C2: Ativo | D2: Classes/Alunos que pode atender | E2: Observações | F2: Chave ID|Nome
F3: =A3&" | "&B3 -> |
F4: =A4&" | "&B4 -> |
F5: =A5&" | "&B5 -> |
F6: =IF(OR(A6="",B6=""),"",A6&" | "&B6)
F7: =IF(OR(A7="",B7=""),"",A7&" | "&B7)
F8: =IF(OR(A8="",B8=""),"",A8&" | "&B8)
F9: =IF(OR(A9="",B9=""),"",A9&" | "&B9)
F10: =IF(OR(A10="",B10=""),"",A10&" | "&B10)
F11: =IF(OR(A11="",B11=""),"",A11&" | "&B11)
F12: =IF(OR(A12="",B12=""),"",A12&" | "&B12)
F13: =IF(OR(A13="",B13=""),"",A13&" | "&B13)
F14: =IF(OR(A14="",B14=""),"",A14&" | "&B14)
F15: =IF(OR(A15="",B15=""),"",A15&" | "&B15)
F16: =IF(OR(A16="",B16=""),"",A16&" | "&B16)
F17: =IF(OR(A17="",B17=""),"",A17&" | "&B17)
... F302: =IF(OR(A302="",B302=""),"",A302&" | "&B302)

Sheet DISPONIBILIDADE
A1: Defina em quais dias, horários e modalidades cada professor pode trabalhar. Use 'Ambas' quando servir para presencial e online.
A2: Professor ID | B2: Professor Nome | C2: Dia da Semana | D2: Hora Início | E2: Hora Fim | F2: Modalidade | G2: Disponível?
B3: =IF(A3="","",IFERROR(VLOOKUP(A3,PROFESSORES!A:B,2,FALSE),"")) | G3: =IF(OR(A3="",C3="",D3="",E3="",F3=""),"",IF(E3>D3,"Sim","Revisar"))
B4: =IF(A4="","",IFERROR(VLOOKUP(A4,PROFESSORES!A:B,2,FALSE),"")) | G4: =IF(OR(A4="",C4="",D4="",E4="",F4=""),"",IF(E4>D4,"Sim","Revisar"))
B5: =IF(A5="","",IFERROR(VLOOKUP(A5,PROFESSORES!A:B,2,FALSE),"")) | G5: =IF(OR(A5="",C5="",D5="",E5="",F5=""),"",IF(E5>D5,"Sim","Revisar"))
B6: =IF(A6="","",IFERROR(VLOOKUP(A6,PROFESSORES!A:B,2,FALSE),"")) | G6: =IF(OR(A6="",C6="",D6="",E6="",F6=""),"",IF(E6>D6,"Sim","Revisar"))
B7: =IF(A7="","",IFERROR(VLOOKUP(A7,PROFESSORES!A:B,2,FALSE),"")) | G7: =IF(OR(A7="",C7="",D7="",E7="",F7=""),"",IF(E7>D7,"Sim","Revisar"))
B8: =IF(A8="","",IFERROR(VLOOKUP(A8,PROFESSORES!A:B,2,FALSE),"")) | G8: =IF(OR(A8="",C8="",D8="",E8="",F8=""),"",IF(E8>D8,"Sim","Revisar"))
B9: =IF(A9="","",IFERROR(VLOOKUP(A9,PROFESSORES!A:B,2,FALSE),"")) | G9: =IF(OR(A9="",C9="",D9="",E9="",F9=""),"",IF(E9>D9,"Sim","Revisar"))
B10: =IF(A10="","",IFERROR(VLOOKUP(A10,PROFESSORES!A:B,2,FALSE),"")) | G10: =IF(OR(A10="",C10="",D10="",E10="",F10=""),"",IF(E10>D10,"Sim","Revisar"))
B11: =IF(A11="","",IFERROR(VLOOKUP(A11,PROFESSORES!A:B,2,FALSE),"")) | G11: =IF(OR(A11="",C11="",D11="",E11="",F11=""),"",IF(E11>D11,"Sim","Revisar"))
B12: =IF(A12="","",IFERROR(VLOOKUP(A12,PROFESSORES!A:B,2,FALSE),"")) | G12: =IF(OR(A12="",C12="",D12="",E12="",F12=""),"",IF(E12>D12,"Sim","Revisar"))
B13: =IF(A13="","",IFERROR(VLOOKUP(A13,PROFESSORES!A:B,2,FALSE),"")) | G13: =IF(OR(A13="",C13="",D13="",E13="",F13=""),"",IF(E13>D13,"Sim","Revisar"))
B14: =IF(A14="","",IFERROR(VLOOKUP(A14,PROFESSORES!A:B,2,FALSE),"")) | G14: =IF(OR(A14="",C14="",D14="",E14="",F14=""),"",IF(E14>D14,"Sim","Revisar"))
... B502: =IF(A502="","",IFERROR(VLOOKUP(A502,PROFESSORES!A:B,2,FALSE),"")) | G502: =IF(OR(A502="",C502="",D502="",E502="",F502=""),"",IF(E502>D502,"Sim","Revisar"))

Sheet RESTRIÇÕES
A1: Use esta aba para bloquear combinações de professor + aluno/turma.
A2: Professor ID | B2: Professor Nome | C2: Aluno/Turma | D2: Tipo de Restrição | E2: Motivo | F2: Ativa?
B3: =IF(A3="","",IFERROR(VLOOKUP(A3,PROFESSORES!A:B,2,FALSE),"")) | F3: =IF(OR(A3="",C3=""),"","Sim")
B4: =IF(A4="","",IFERROR(VLOOKUP(A4,PROFESSORES!A:B,2,FALSE),"")) | F4: =IF(OR(A4="",C4=""),"","Sim")
B5: =IF(A5="","",IFERROR(VLOOKUP(A5,PROFESSORES!A:B,2,FALSE),"")) | F5: =IF(OR(A5="",C5=""),"","Sim")
B6: =IF(A6="","",IFERROR(VLOOKUP(A6,PROFESSORES!A:B,2,FALSE),"")) | F6: =IF(OR(A6="",C6=""),"","Sim")
B7: =IF(A7="","",IFERROR(VLOOKUP(A7,PROFESSORES!A:B,2,FALSE),"")) | F7: =IF(OR(A7="",C7=""),"","Sim")
B8: =IF(A8="","",IFERROR(VLOOKUP(A8,PROFESSORES!A:B,2,FALSE),"")) | F8: =IF(OR(A8="",C8=""),"","Sim")
B9: =IF(A9="","",IFERROR(VLOOKUP(A9,PROFESSORES!A:B,2,FALSE),"")) | F9: =IF(OR(A9="",C9=""),"","Sim")
B10: =IF(A10="","",IFERROR(VLOOKUP(A10,PROFESSORES!A:B,2,FALSE),"")) | F10: =IF(OR(A10="",C10=""),"","Sim")
B11: =IF(A11="","",IFERROR(VLOOKUP(A11,PROFESSORES!A:B,2,FALSE),"")) | F11: =IF(OR(A11="",C11=""),"","Sim")
B12: =IF(A12="","",IFERROR(VLOOKUP(A12,PROFESSORES!A:B,2,FALSE),"")) | F12: =IF(OR(A12="",C12=""),"","Sim")
B13: =IF(A13="","",IFERROR(VLOOKUP(A13,PROFESSORES!A:B,2,FALSE),"")) | F13: =IF(OR(A13="",C13=""),"","Sim")
B14: =IF(A14="","",IFERROR(VLOOKUP(A14,PROFESSORES!A:B,2,FALSE),"")) | F14: =IF(OR(A14="",C14=""),"","Sim")
... B502: =IF(A502="","",IFERROR(VLOOKUP(A502,PROFESSORES!A:B,2,FALSE),"")) | F502: =IF(OR(A502="",C502=""),"","Sim")

Sheet AULAS
A1: Escolha o Professor ID. A planilha verifica disponibilidade por horário, modalidade e conflito com outra aula no mesmo horário.
A2: Aula ID | B2: Data | C2: Dia da Semana | D2: Aluno/Turma | E2: Hora Início | F2: Hora Fim | G2: Professor ID | H2: Professor Nome | I2: Modalidade | J2: Observações | K2: Disponível? | L2: Restrição? | M2: Status da Escala
C3: =IF(B3="","",CHOOSE(WEEKDAY(B3,2),"Segunda","Terça","Quarta","Quinta","Sexta","Sábado","Domingo")) | H3: =IF(G3="","",IFERROR(VLOOKUP(G3,PROFESSORES!A:B,2,FALSE),"")) | K3: =IF(OR(G3="",C3="",E3="",F3="",I3=""),"",IF(AND((COUNTIFS(DISPONIBILIDADE!A:A,G3,DISPONIBILIDADE!C:C,C3,DISPONIBILIDADE!D:D,"<="&E3,DISPONIBILIDADE!E:E,">="&F3,DISPONIBILIDADE!F:F,I3,DISPONIBILIDADE!G:G,"Sim")+COUNTIFS(DISPONIBILIDADE!A:A,G3,DISPONIBILIDADE!C:C,C3,DISPONIBILIDADE!D:D,"<="&E3,DISPONIBILIDADE!E:E,">="&F3,DISPONIBILIDADE!F:F,"Ambas",DISPONIBILIDADE!G:G,"Sim"))>0,COUNTIFS($G$3:$G$502,G3,$B$3:$B$502,B3,$E$3:$E$502,"<"&F3,$F$3:$F$502,">"&E3,$A$3:$A$502,"<>"&A3)=0),"Sim","Não")) | L3: =IF(OR(G3="",D3=""),"",IF(COUNTIFS('RESTRIÇÕES'!A:A,G3,'RESTRIÇÕES'!C:C,D3,'RESTRIÇÕES'!F:F,"Sim")>0,"Com restrição","Sem restrição")) | M3: =IF(G3="","",IF(AND(K3="Sim",L3="Sem restrição"),"OK","REVISAR"))
C4: =IF(B4="","",CHOOSE(WEEKDAY(B4,2),"Segunda","Terça","Quarta","Quinta","Sexta","Sábado","Domingo")) | H4: =IF(G4="","",IFERROR(VLOOKUP(G4,PROFESSORES!A:B,2,FALSE),"")) | K4: =IF(OR(G4="",C4="",E4="",F4="",I4=""),"",IF(AND((COUNTIFS(DISPONIBILIDADE!A:A,G4,DISPONIBILIDADE!C:C,C4,DISPONIBILIDADE!D:D,"<="&E4,DISPONIBILIDADE!E:E,">="&F4,DISPONIBILIDADE!F:F,I4,DISPONIBILIDADE!G:G,"Sim")+COUNTIFS(DISPONIBILIDADE!A:A,G4,DISPONIBILIDADE!C:C,C4,DISPONIBILIDADE!D:D,"<="&E4,DISPONIBILIDADE!E:E,">="&F4,DISPONIBILIDADE!F:F,"Ambas",DISPONIBILIDADE!G:G,"Sim"))>0,COUNTIFS($G$3:$G$502,G4,$B$3:$B$502,B4,$E$3:$E$502,"<"&F4,$F$3:$F$502,">"&E4,$A$3:$A$502,"<>"&A4)=0),"Sim","Não")) | L4: =IF(OR(G4="",D4=""),"",IF(COUNTIFS('RESTRIÇÕES'!A:A,G4,'RESTRIÇÕES'!C:C,D4,'RESTRIÇÕES'!F:F,"Sim")>0,"Com restrição","Sem restrição")) | M4: =IF(G4="","",IF(AND(K4="Sim",L4="Sem restrição"),"OK","REVISAR"))
C5: =IF(B5="","",CHOOSE(WEEKDAY(B5,2),"Segunda","Terça","Quarta","Quinta","Sexta","Sábado","Domingo")) | H5: =IF(G5="","",IFERROR(VLOOKUP(G5,PROFESSORES!A:B,2,FALSE),"")) | K5: =IF(OR(G5="",C5="",E5="",F5="",I5=""),"",IF(AND((COUNTIFS(DISPONIBILIDADE!A:A,G5,DISPONIBILIDADE!C:C,C5,DISPONIBILIDADE!D:D,"<="&E5,DISPONIBILIDADE!E:E,">="&F5,DISPONIBILIDADE!F:F,I5,DISPONIBILIDADE!G:G,"Sim")+COUNTIFS(DISPONIBILIDADE!A:A,G5,DISPONIBILIDADE!C:C,C5,DISPONIBILIDADE!D:D,"<="&E5,DISPONIBILIDADE!E:E,">="&F5,DISPONIBILIDADE!F:F,"Ambas",DISPONIBILIDADE!G:G,"Sim"))>0,COUNTIFS($G$3:$G$502,G5,$B$3:$B$502,B5,$E$3:$E$502,"<"&F5,$F$3:$F$502,">"&E5,$A$3:$A$502,"<>"&A5)=0),"Sim","Não")) | L5: =IF(OR(G5="",D5=""),"",IF(COUNTIFS('RESTRIÇÕES'!A:A,G5,'RESTRIÇÕES'!C:C,D5,'RESTRIÇÕES'!F:F,"Sim")>0,"Com restrição","Sem restrição")) | M5: =IF(G5="","",IF(AND(K5="Sim",L5="Sem restrição"),"OK","REVISAR"))
C6: =IF(B6="","",CHOOSE(WEEKDAY(B6,2),"Segunda","Terça","Quarta","Quinta","Sexta","Sábado","Domingo")) | H6: =IF(G6="","",IFERROR(VLOOKUP(G6,PROFESSORES!A:B,2,FALSE),"")) | K6: =IF(OR(G6="",C6="",E6="",F6="",I6=""),"",IF(AND((COUNTIFS(DISPONIBILIDADE!A:A,G6,DISPONIBILIDADE!C:C,C6,DISPONIBILIDADE!D:D,"<="&E6,DISPONIBILIDADE!E:E,">="&F6,DISPONIBILIDADE!F:F,I6,DISPONIBILIDADE!G:G,"Sim")+COUNTIFS(DISPONIBILIDADE!A:A,G6,DISPONIBILIDADE!C:C,C6,DISPONIBILIDADE!D:D,"<="&E6,DISPONIBILIDADE!E:E,">="&F6,DISPONIBILIDADE!F:F,"Ambas",DISPONIBILIDADE!G:G,"Sim"))>0,COUNTIFS($G$3:$G$502,G6,$B$3:$B$502,B6,$E$3:$E$502,"<"&F6,$F$3:$F$502,">"&E6,$A$3:$A$502,"<>"&A6)=0),"Sim","Não")) | L6: =IF(OR(G6="",D6=""),"",IF(COUNTIFS('RESTRIÇÕES'!A:A,G6,'RESTRIÇÕES'!C:C,D6,'RESTRIÇÕES'!F:F,"Sim")>0,"Com restrição","Sem restrição")) | M6: =IF(G6="","",IF(AND(K6="Sim",L6="Sem restrição"),"OK","REVISAR"))
C7: =IF(B7="","",CHOOSE(WEEKDAY(B7,2),"Segunda","Terça","Quarta","Quinta","Sexta","Sábado","Domingo")) | H7: =IF(G7="","",IFERROR(VLOOKUP(G7,PROFESSORES!A:B,2,FALSE),"")) | K7: =IF(OR(G7="",C7="",E7="",F7="",I7=""),"",IF(AND((COUNTIFS(DISPONIBILIDADE!A:A,G7,DISPONIBILIDADE!C:C,C7,DISPONIBILIDADE!D:D,"<="&E7,DISPONIBILIDADE!E:E,">="&F7,DISPONIBILIDADE!F:F,I7,DISPONIBILIDADE!G:G,"Sim")+COUNTIFS(DISPONIBILIDADE!A:A,G7,DISPONIBILIDADE!C:C,C7,DISPONIBILIDADE!D:D,"<="&E7,DISPONIBILIDADE!E:E,">="&F7,DISPONIBILIDADE!F:F,"Ambas",DISPONIBILIDADE!G:G,"Sim"))>0,COUNTIFS($G$3:$G$502,G7,$B$3:$B$502,B7,$E$3:$E$502,"<"&F7,$F$3:$F$502,">"&E7,$A$3:$A$502,"<>"&A7)=0),"Sim","Não")) | L7: =IF(OR(G7="",D7=""),"",IF(COUNTIFS('RESTRIÇÕES'!A:A,G7,'RESTRIÇÕES'!C:C,D7,'RESTRIÇÕES'!F:F,"Sim")>0,"Com restrição","Sem restrição")) | M7: =IF(G7="","",IF(AND(K7="Sim",L7="Sem restrição"),"OK","REVISAR"))
A8: =IF(D8="","","A"&TEXT(ROW()-2,"000")) | C8: =IF(B8="","",CHOOSE(WEEKDAY(B8,2),"Segunda","Terça","Quarta","Quinta","Sexta","Sábado","Domingo")) | H8: =IF(G8="","",IFERROR(VLOOKUP(G8,PROFESSORES!A:B,2,FALSE),"")) | K8: =IF(OR(G8="",C8="",E8="",F8="",I8=""),"",IF(AND((COUNTIFS(DISPONIBILIDADE!A:A,G8,DISPONIBILIDADE!C:C,C8,DISPONIBILIDADE!D:D,"<="&E8,DISPONIBILIDADE!E:E,">="&F8,DISPONIBILIDADE!F:F,I8,DISPONIBILIDADE!G:G,"Sim")+COUNTIFS(DISPONIBILIDADE!A:A,G8,DISPONIBILIDADE!C:C,C8,DISPONIBILIDADE!D:D,"<="&E8,DISPONIBILIDADE!E:E,">="&F8,DISPONIBILIDADE!F:F,"Ambas",DISPONIBILIDADE!G:G,"Sim"))>0,COUNTIFS($G$3:$G$502,G8,$B$3:$B$502,B8,$E$3:$E$502,"<"&F8,$F$3:$F$502,">"&E8,$A$3:$A$502,"<>"&A8)=0),"Sim","Não")) | L8: =IF(OR(G8="",D8=""),"",IF(COUNTIFS('RESTRIÇÕES'!A:A,G8,'RESTRIÇÕES'!C:C,D8,'RESTRIÇÕES'!F:F,"Sim")>0,"Com restrição","Sem restrição")) | M8: =IF(G8="","",IF(AND(K8="Sim",L8="Sem restrição"),"OK","REVISAR"))
A9: =IF(D9="","","A"&TEXT(ROW()-2,"000")) | C9: =IF(B9="","",CHOOSE(WEEKDAY(B9,2),"Segunda","Terça","Quarta","Quinta","Sexta","Sábado","Domingo")) | H9: =IF(G9="","",IFERROR(VLOOKUP(G9,PROFESSORES!A:B,2,FALSE),"")) | K9: =IF(OR(G9="",C9="",E9="",F9="",I9=""),"",IF(AND((COUNTIFS(DISPONIBILIDADE!A:A,G9,DISPONIBILIDADE!C:C,C9,DISPONIBILIDADE!D:D,"<="&E9,DISPONIBILIDADE!E:E,">="&F9,DISPONIBILIDADE!F:F,I9,DISPONIBILIDADE!G:G,"Sim")+COUNTIFS(DISPONIBILIDADE!A:A,G9,DISPONIBILIDADE!C:C,C9,DISPONIBILIDADE!D:D,"<="&E9,DISPONIBILIDADE!E:E,">="&F9,DISPONIBILIDADE!F:F,"Ambas",DISPONIBILIDADE!G:G,"Sim"))>0,COUNTIFS($G$3:$G$502,G9,$B$3:$B$502,B9,$E$3:$E$502,"<"&F9,$F$3:$F$502,">"&E9,$A$3:$A$502,"<>"&A9)=0),"Sim","Não")) | L9: =IF(OR(G9="",D9=""),"",IF(COUNTIFS('RESTRIÇÕES'!A:A,G9,'RESTRIÇÕES'!C:C,D9,'RESTRIÇÕES'!F:F,"Sim")>0,"Com restrição","Sem restrição")) | M9: =IF(G9="","",IF(AND(K9="Sim",L9="Sem restrição"),"OK","REVISAR"))
A10: =IF(D10="","","A"&TEXT(ROW()-2,"000")) | C10: =IF(B10="","",CHOOSE(WEEKDAY(B10,2),"Segunda","Terça","Quarta","Quinta","Sexta","Sábado","Domingo")) | H10: =IF(G10="","",IFERROR(VLOOKUP(G10,PROFESSORES!A:B,2,FALSE),"")) | K10: =IF(OR(G10="",C10="",E10="",F10="",I10=""),"",IF(AND((COUNTIFS(DISPONIBILIDADE!A:A,G10,DISPONIBILIDADE!C:C,C10,DISPONIBILIDADE!D:D,"<="&E10,DISPONIBILIDADE!E:E,">="&F10,DISPONIBILIDADE!F:F,I10,DISPONIBILIDADE!G:G,"Sim")+COUNTIFS(DISPONIBILIDADE!A:A,G10,DISPONIBILIDADE!C:C,C10,DISPONIBILIDADE!D:D,"<="&E10,DISPONIBILIDADE!E:E,">="&F10,DISPONIBILIDADE!F:F,"Ambas",DISPONIBILIDADE!G:G,"Sim"))>0,COUNTIFS($G$3:$G$502,G10,$B$3:$B$502,B10,$E$3:$E$502,"<"&F10,$F$3:$F$502,">"&E10,$A$3:$A$502,"<>"&A10)=0),"Sim","Não")) | L10: =IF(OR(G10="",D10=""),"",IF(COUNTIFS('RESTRIÇÕES'!A:A,G10,'RESTRIÇÕES'!C:C,D10,'RESTRIÇÕES'!F:F,"Sim")>0,"Com restrição","Sem restrição")) | M10: =IF(G10="","",IF(AND(K10="Sim",L10="Sem restrição"),"OK","REVISAR"))
A11: =IF(D11="","","A"&TEXT(ROW()-2,"000")) | C11: =IF(B11="","",CHOOSE(WEEKDAY(B11,2),"Segunda","Terça","Quarta","Quinta","Sexta","Sábado","Domingo")) | H11: =IF(G11="","",IFERROR(VLOOKUP(G11,PROFESSORES!A:B,2,FALSE),"")) | K11: =IF(OR(G11="",C11="",E11="",F11="",I11=""),"",IF(AND((COUNTIFS(DISPONIBILIDADE!A:A,G11,DISPONIBILIDADE!C:C,C11,DISPONIBILIDADE!D:D,"<="&E11,DISPONIBILIDADE!E:E,">="&F11,DISPONIBILIDADE!F:F,I11,DISPONIBILIDADE!G:G,"Sim")+COUNTIFS(DISPONIBILIDADE!A:A,G11,DISPONIBILIDADE!C:C,C11,DISPONIBILIDADE!D:D,"<="&E11,DISPONIBILIDADE!E:E,">="&F11,DISPONIBILIDADE!F:F,"Ambas",DISPONIBILIDADE!G:G,"Sim"))>0,COUNTIFS($G$3:$G$502,G11,$B$3:$B$502,B11,$E$3:$E$502,"<"&F11,$F$3:$F$502,">"&E11,$A$3:$A$502,"<>"&A11)=0),"Sim","Não")) | L11: =IF(OR(G11="",D11=""),"",IF(COUNTIFS('RESTRIÇÕES'!A:A,G11,'RESTRIÇÕES'!C:C,D11,'RESTRIÇÕES'!F:F,"Sim")>0,"Com restrição","Sem restrição")) | M11: =IF(G11="","",IF(AND(K11="Sim",L11="Sem restrição"),"OK","REVISAR"))
A12: =IF(D12="","","A"&TEXT(ROW()-2,"000")) | C12: =IF(B12="","",CHOOSE(WEEKDAY(B12,2),"Segunda","Terça","Quarta","Quinta","Sexta","Sábado","Domingo")) | H12: =IF(G12="","",IFERROR(VLOOKUP(G12,PROFESSORES!A:B,2,FALSE),"")) | K12: =IF(OR(G12="",C12="",E12="",F12="",I12=""),"",IF(AND((COUNTIFS(DISPONIBILIDADE!A:A,G12,DISPONIBILIDADE!C:C,C12,DISPONIBILIDADE!D:D,"<="&E12,DISPONIBILIDADE!E:E,">="&F12,DISPONIBILIDADE!F:F,I12,DISPONIBILIDADE!G:G,"Sim")+COUNTIFS(DISPONIBILIDADE!A:A,G12,DISPONIBILIDADE!C:C,C12,DISPONIBILIDADE!D:D,"<="&E12,DISPONIBILIDADE!E:E,">="&F12,DISPONIBILIDADE!F:F,"Ambas",DISPONIBILIDADE!G:G,"Sim"))>0,COUNTIFS($G$3:$G$502,G12,$B$3:$B$502,B12,$E$3:$E$502,"<"&F12,$F$3:$F$502,">"&E12,$A$3:$A$502,"<>"&A12)=0),"Sim","Não")) | L12: =IF(OR(G12="",D12=""),"",IF(COUNTIFS('RESTRIÇÕES'!A:A,G12,'RESTRIÇÕES'!C:C,D12,'RESTRIÇÕES'!F:F,"Sim")>0,"Com restrição","Sem restrição")) | M12: =IF(G12="","",IF(AND(K12="Sim",L12="Sem restrição"),"OK","REVISAR"))
A13: =IF(D13="","","A"&TEXT(ROW()-2,"000")) | C13: =IF(B13="","",CHOOSE(WEEKDAY(B13,2),"Segunda","Terça","Quarta","Quinta","Sexta","Sábado","Domingo")) | H13: =IF(G13="","",IFERROR(VLOOKUP(G13,PROFESSORES!A:B,2,FALSE),"")) | K13: =IF(OR(G13="",C13="",E13="",F13="",I13=""),"",IF(AND((COUNTIFS(DISPONIBILIDADE!A:A,G13,DISPONIBILIDADE!C:C,C13,DISPONIBILIDADE!D:D,"<="&E13,DISPONIBILIDADE!E:E,">="&F13,DISPONIBILIDADE!F:F,I13,DISPONIBILIDADE!G:G,"Sim")+COUNTIFS(DISPONIBILIDADE!A:A,G13,DISPONIBILIDADE!C:C,C13,DISPONIBILIDADE!D:D,"<="&E13,DISPONIBILIDADE!E:E,">="&F13,DISPONIBILIDADE!F:F,"Ambas",DISPONIBILIDADE!G:G,"Sim"))>0,COUNTIFS($G$3:$G$502,G13,$B$3:$B$502,B13,$E$3:$E$502,"<"&F13,$F$3:$F$502,">"&E13,$A$3:$A$502,"<>"&A13)=0),"Sim","Não")) | L13: =IF(OR(G13="",D13=""),"",IF(COUNTIFS('RESTRIÇÕES'!A:A,G13,'RESTRIÇÕES'!C:C,D13,'RESTRIÇÕES'!F:F,"Sim")>0,"Com restrição","Sem restrição")) | M13: =IF(G13="","",IF(AND(K13="Sim",L13="Sem restrição"),"OK","REVISAR"))
A14: =IF(D14="","","A"&TEXT(ROW()-2,"000")) | C14: =IF(B14="","",CHOOSE(WEEKDAY(B14,2),"Segunda","Terça","Quarta","Quinta","Sexta","Sábado","Domingo")) | H14: =IF(G14="","",IFERROR(VLOOKUP(G14,PROFESSORES!A:B,2,FALSE),"")) | K14: =IF(OR(G14="",C14="",E14="",F14="",I14=""),"",IF(AND((COUNTIFS(DISPONIBILIDADE!A:A,G14,DISPONIBILIDADE!C:C,C14,DISPONIBILIDADE!D:D,"<="&E14,DISPONIBILIDADE!E:E,">="&F14,DISPONIBILIDADE!F:F,I14,DISPONIBILIDADE!G:G,"Sim")+COUNTIFS(DISPONIBILIDADE!A:A,G14,DISPONIBILIDADE!C:C,C14,DISPONIBILIDADE!D:D,"<="&E14,DISPONIBILIDADE!E:E,">="&F14,DISPONIBILIDADE!F:F,"Ambas",DISPONIBILIDADE!G:G,"Sim"))>0,COUNTIFS($G$3:$G$502,G14,$B$3:$B$502,B14,$E$3:$E$502,"<"&F14,$F$3:$F$502,">"&E14,$A$3:$A$502,"<>"&A14)=0),"Sim","Não")) | L14: =IF(OR(G14="",D14=""),"",IF(COUNTIFS('RESTRIÇÕES'!A:A,G14,'RESTRIÇÕES'!C:C,D14,'RESTRIÇÕES'!F:F,"Sim")>0,"Com restrição","Sem restrição")) | M14: =IF(G14="","",IF(AND(K14="Sim",L14="Sem restrição"),"OK","REVISAR"))
A15: =IF(D15="","","A"&TEXT(ROW()-2,"000")) | C15: =IF(B15="","",CHOOSE(WEEKDAY(B15,2),"Segunda","Terça","Quarta","Quinta","Sexta","Sábado","Domingo")) | H15: =IF(G15="","",IFERROR(VLOOKUP(G15,PROFESSORES!A:B,2,FALSE),"")) | K15: =IF(OR(G15="",C15="",E15="",F15="",I15=""),"",IF(AND((COUNTIFS(DISPONIBILIDADE!A:A,G15,DISPONIBILIDADE!C:C,C15,DISPONIBILIDADE!D:D,"<="&E15,DISPONIBILIDADE!E:E,">="&F15,DISPONIBILIDADE!F:F,I15,DISPONIBILIDADE!G:G,"Sim")+COUNTIFS(DISPONIBILIDADE!A:A,G15,DISPONIBILIDADE!C:C,C15,DISPONIBILIDADE!D:D,"<="&E15,DISPONIBILIDADE!E:E,">="&F15,DISPONIBILIDADE!F:F,"Ambas",DISPONIBILIDADE!G:G,"Sim"))>0,COUNTIFS($G$3:$G$502,G15,$B$3:$B$502,B15,$E$3:$E$502,"<"&F15,$F$3:$F$502,">"&E15,$A$3:$A$502,"<>"&A15)=0),"Sim","Não")) | L15: =IF(OR(G15="",D15=""),"",IF(COUNTIFS('RESTRIÇÕES'!A:A,G15,'RESTRIÇÕES'!C:C,D15,'RESTRIÇÕES'!F:F,"Sim")>0,"Com restrição","Sem restrição")) | M15: =IF(G15="","",IF(AND(K15="Sim",L15="Sem restrição"),"OK","REVISAR"))
A16: =IF(D16="","","A"&TEXT(ROW()-2,"000")) | C16: =IF(B16="","",CHOOSE(WEEKDAY(B16,2),"Segunda","Terça","Quarta","Quinta","Sexta","Sábado","Domingo")) | H16: =IF(G16="","",IFERROR(VLOOKUP(G16,PROFESSORES!A:B,2,FALSE),"")) | K16: =IF(OR(G16="",C16="",E16="",F16="",I16=""),"",IF(AND((COUNTIFS(DISPONIBILIDADE!A:A,G16,DISPONIBILIDADE!C:C,C16,DISPONIBILIDADE!D:D,"<="&E16,DISPONIBILIDADE!E:E,">="&F16,DISPONIBILIDADE!F:F,I16,DISPONIBILIDADE!G:G,"Sim")+COUNTIFS(DISPONIBILIDADE!A:A,G16,DISPONIBILIDADE!C:C,C16,DISPONIBILIDADE!D:D,"<="&E16,DISPONIBILIDADE!E:E,">="&F16,DISPONIBILIDADE!F:F,"Ambas",DISPONIBILIDADE!G:G,"Sim"))>0,COUNTIFS($G$3:$G$502,G16,$B$3:$B$502,B16,$E$3:$E$502,"<"&F16,$F$3:$F$502,">"&E16,$A$3:$A$502,"<>"&A16)=0),"Sim","Não")) | L16: =IF(OR(G16="",D16=""),"",IF(COUNTIFS('RESTRIÇÕES'!A:A,G16,'RESTRIÇÕES'!C:C,D16,'RESTRIÇÕES'!F:F,"Sim")>0,"Com restrição","Sem restrição")) | M16: =IF(G16="","",IF(AND(K16="Sim",L16="Sem restrição"),"OK","REVISAR"))
A17: =IF(D17="","","A"&TEXT(ROW()-2,"000")) | C17: =IF(B17="","",CHOOSE(WEEKDAY(B17,2),"Segunda","Terça","Quarta","Quinta","Sexta","Sábado","Domingo")) | H17: =IF(G17="","",IFERROR(VLOOKUP(G17,PROFESSORES!A:B,2,FALSE),"")) | K17: =IF(OR(G17="",C17="",E17="",F17="",I17=""),"",IF(AND((COUNTIFS(DISPONIBILIDADE!A:A,G17,DISPONIBILIDADE!C:C,C17,DISPONIBILIDADE!D:D,"<="&E17,DISPONIBILIDADE!E:E,">="&F17,DISPONIBILIDADE!F:F,I17,DISPONIBILIDADE!G:G,"Sim")+COUNTIFS(DISPONIBILIDADE!A:A,G17,DISPONIBILIDADE!C:C,C17,DISPONIBILIDADE!D:D,"<="&E17,DISPONIBILIDADE!E:E,">="&F17,DISPONIBILIDADE!F:F,"Ambas",DISPONIBILIDADE!G:G,"Sim"))>0,COUNTIFS($G$3:$G$502,G17,$B$3:$B$502,B17,$E$3:$E$502,"<"&F17,$F$3:$F$502,">"&E17,$A$3:$A$502,"<>"&A17)=0),"Sim","Não")) | L17: =IF(OR(G17="",D17=""),"",IF(COUNTIFS('RESTRIÇÕES'!A:A,G17,'RESTRIÇÕES'!C:C,D17,'RESTRIÇÕES'!F:F,"Sim")>0,"Com restrição","Sem restrição")) | M17: =IF(G17="","",IF(AND(K17="Sim",L17="Sem restrição"),"OK","REVISAR"))
A18: =IF(D18="","","A"&TEXT(ROW()-2,"000")) | C18: =IF(B18="","",CHOOSE(WEEKDAY(B18,2),"Segunda","Terça","Quarta","Quinta","Sexta","Sábado","Domingo")) | H18: =IF(G18="","",IFERROR(VLOOKUP(G18,PROFESSORES!A:B,2,FALSE),"")) | K18: =IF(OR(G18="",C18="",E18="",F18="",I18=""),"",IF(AND((COUNTIFS(DISPONIBILIDADE!A:A,G18,DISPONIBILIDADE!C:C,C18,DISPONIBILIDADE!D:D,"<="&E18,DISPONIBILIDADE!E:E,">="&F18,DISPONIBILIDADE!F:F,I18,DISPONIBILIDADE!G:G,"Sim")+COUNTIFS(DISPONIBILIDADE!A:A,G18,DISPONIBILIDADE!C:C,C18,DISPONIBILIDADE!D:D,"<="&E18,DISPONIBILIDADE!E:E,">="&F18,DISPONIBILIDADE!F:F,"Ambas",DISPONIBILIDADE!G:G,"Sim"))>0,COUNTIFS($G$3:$G$502,G18,$B$3:$B$502,B18,$E$3:$E$502,"<"&F18,$F$3:$F$502,">"&E18,$A$3:$A$502,"<>"&A18)=0),"Sim","Não")) | L18: =IF(OR(G18="",D18=""),"",IF(COUNTIFS('RESTRIÇÕES'!A:A,G18,'RESTRIÇÕES'!C:C,D18,'RESTRIÇÕES'!F:F,"Sim")>0,"Com restrição","Sem restrição")) | M18: =IF(G18="","",IF(AND(K18="Sim",L18="Sem restrição"),"OK","REVISAR"))
A19: =IF(D19="","","A"&TEXT(ROW()-2,"000")) | C19: =IF(B19="","",CHOOSE(WEEKDAY(B19,2),"Segunda","Terça","Quarta","Quinta","Sexta","Sábado","Domingo")) | H19: =IF(G19="","",IFERROR(VLOOKUP(G19,PROFESSORES!A:B,2,FALSE),"")) | K19: =IF(OR(G19="",C19="",E19="",F19="",I19=""),"",IF(AND((COUNTIFS(DISPONIBILIDADE!A:A,G19,DISPONIBILIDADE!C:C,C19,DISPONIBILIDADE!D:D,"<="&E19,DISPONIBILIDADE!E:E,">="&F19,DISPONIBILIDADE!F:F,I19,DISPONIBILIDADE!G:G,"Sim")+COUNTIFS(DISPONIBILIDADE!A:A,G19,DISPONIBILIDADE!C:C,C19,DISPONIBILIDADE!D:D,"<="&E19,DISPONIBILIDADE!E:E,">="&F19,DISPONIBILIDADE!F:F,"Ambas",DISPONIBILIDADE!G:G,"Sim"))>0,COUNTIFS($G$3:$G$502,G19,$B$3:$B$502,B19,$E$3:$E$502,"<"&F19,$F$3:$F$502,">"&E19,$A$3:$A$502,"<>"&A19)=0),"Sim","Não")) | L19: =IF(OR(G19="",D19=""),"",IF(COUNTIFS('RESTRIÇÕES'!A:A,G19,'RESTRIÇÕES'!C:C,D19,'RESTRIÇÕES'!F:F,"Sim")>0,"Com restrição","Sem restrição")) | M19: =IF(G19="","",IF(AND(K19="Sim",L19="Sem restrição"),"OK","REVISAR"))
... A502: =IF(D502="","","A"&TEXT(ROW()-2,"000")) | C502: =IF(B502="","",CHOOSE(WEEKDAY(B502,2),"Segunda","Terça","Quarta","Quinta","Sexta","Sábado","Domingo")) | H502: =IF(G502="","",IFERROR(VLOOKUP(G502,PROFESSORES!A:B,2,FALSE),"")) | K502: =IF(OR(G502="",C502="",E502="",F502="",I502=""),"",IF(AND((COUNTIFS(DISPONIBILIDADE!A:A,G502,DISPONIBILIDADE!C:C,C502,DISPONIBILIDADE!D:D,"<="&E502,DISPONIBILIDADE!E:E,">="&F502,DISPONIBILIDADE!F:F,I502,DISPONIBILIDADE!G:G,"Sim")+COUNTIFS(DISPONIBILIDADE!A:A,G502,DISPONIBILIDADE!C:C,C502,DISPONIBILIDADE!D:D,"<="&E502,DISPONIBILIDADE!E:E,">="&F502,DISPONIBILIDADE!F:F,"Ambas",DISPONIBILIDADE!G:G,"Sim"))>0,COUNTIFS($G$3:$G$502,G502,$B$3:$B$502,B502,$E$3:$E$502,"<"&F502,$F$3:$F$502,">"&E502,$A$3:$A$502,"<>"&A502)=0),"Sim","Não")) | L502: =IF(OR(G502="",D502=""),"",IF(COUNTIFS('RESTRIÇÕES'!A:A,G502,'RESTRIÇÕES'!C:C,D502,'RESTRIÇÕES'!F:F,"Sim")>0,"Com restrição","Sem restrição")) | M502: =IF(G502="","",IF(AND(K502="Sim",L502="Sem restrição"),"OK","REVISAR"))

Sheet IMPRESSÃO PROFESSOR
A1: Impressão de aulas por professor no dia
A2: Preencha a data e o Professor ID. A tabela abaixo mostra apenas as aulas cadastradas para esse professor naquele dia.
A4: Data | D4: Professor ID | G4: Nome do Professor | H4: =IF(E4="","",IFERROR(VLOOKUP(E4,PROFESSORES!A:B,2,FALSE),""))
A5: Total de aulas | B5: =IF(OR(B4="",E4=""),"",COUNTIFS(AULAS!B:B,B4,AULAS!G:G,E4)) | D5: Status | E5: =IF(B5="","",IF(B5=0,"Nenhuma aula encontrada","OK para imprimir"))
A7: Data | B7: Dia da Semana | C7: Aluno/Turma | D7: Hora Início | E7: Hora Fim | F7: Professor ID | G7: Professor Nome | H7: Modalidade | I7: Observações
A8: =IFERROR(__xludf.DUMMYFUNCTION("IF(OR($B$4="""",$E$4=""""),"""",IFERROR(FILTER(AULAS!B3:J502,(TEXT(AULAS!B3:B502,""dd/mm/yyyy"")=TEXT($B$4,""dd/mm/yyyy""))*(AULAS!G3:G502=$E$4)),""Nenhuma aula encontrada""))"),"")
